AE1.1	1	136	SRR11006852_NODE_6_length_645_cov_3.867958	296	161	100.000	7.51e-66
AE1.1	1	136	SRR11006853_NODE_10_length_275_cov_3.616162	152	17	100.000	7.51e-66
AE1.1	1	136	SRR11006482_NODE_23_length_413_cov_4.187500	118	253	100.000	7.51e-66
AE1.1	1	136	SRR11006554_NODE_19_length_517_cov_6.409091	222	357	100.000	7.51e-66
AE1.1	1	136	SRR11006519_NODE_20_length_480_cov_2.565757	276	141	100.000	7.51e-66
AE1.1	1	136	SRR11006543_NODE_20_length_360_cov_5.031802	193	328	99.265	3.19e-64
AE1.1	1	136	SRR11006502_NODE_17_length_457_cov_3.865789	152	17	99.265	3.19e-64
AE1.1	1	136	SRR11006657_NODE_7_length_923_cov_3.743499	464	329	99.265	3.19e-64
AE1.1	1	136	SRR11006892_NODE_10_length_616_cov_2.920223	449	584	99.265	3.19e-64
AE1.1	1	136	SRR11006879_NODE_8_length_686_cov_4.497537	222	357	99.265	3.19e-64
AE1.1	1	136	SRR11006904_NODE_5_length_1048_cov_4.618950	539	404	98.529	3.89e-63
AE1.1	1	136	SRR11006682_NODE_9_length_883_cov_3.589330	445	310	98.529	3.89e-63
AE1.1	1	136	SRR11006952_NODE_10_length_829_cov_3.551862	553	418	98.529	3.89e-63
AE1.1	1	136	SRR11006782_NODE_8_length_849_cov_5.395078	443	578	98.529	3.89e-63
AE1.1	1	136	SRR11006653_NODE_6_length_1009_cov_5.725322	633	498	98.529	3.89e-63
AE1.1	1	136	SRR11006752_NODE_8_length_770_cov_5.391053	245	380	98.529	3.89e-63
AE1.1	1	136	SRR11006576_NODE_7_length_851_cov_2.587855	461	326	98.529	3.89e-63
AE1.1	1	136	SRR11006800_NODE_8_length_689_cov_5.547386	214	349	98.529	3.89e-63
AE1.1	1	136	SRR11006561_NODE_9_length_847_cov_4.110390	502	367	98.529	3.89e-63
AE1.1	1	136	SRR11006931_NODE_6_length_884_cov_4.426270	663	528	98.529	3.89e-63
AE1.1	1	136	SRR11006499_NODE_7_length_769_cov_2.800578	450	315	98.529	3.89e-63
AE1.1	1	136	SRR11006858_NODE_7_length_1028_cov_4.457413	624	489	98.529	3.89e-63
AE1.1	1	136	SRR11006712_NODE_6_length_1006_cov_5.363832	589	454	98.529	3.89e-63
AE1.1	1	136	SRR11006794_NODE_7_length_1095_cov_5.535363	438	573	98.529	3.89e-63
AE1.1	1	136	SRR11006694_NODE_8_length_983_cov_5.173289	591	456	98.529	3.89e-63
AE1.1	1	136	SRR11006798_NODE_10_length_820_cov_2.942127	467	332	98.529	3.89e-63
AE1.1	1	136	SRR11006498_NODE_10_length_703_cov_3.384984	453	318	98.529	3.89e-63
AE1.1	1	136	SRR11006932_NODE_8_length_841_cov_3.844241	441	306	98.529	3.89e-63
AE1.1	1	136	SRR11006557_NODE_8_length_817_cov_2.910811	567	432	98.529	3.89e-63
AE1.1	1	136	SRR11006772_NODE_8_length_709_cov_3.151899	287	422	98.529	3.89e-63
AE1.1	1	136	SRR11006928_NODE_7_length_1081_cov_2.471116	494	359	98.529	3.89e-63
AE1.1	1	136	SRR11006916_NODE_7_length_936_cov_2.491269	442	307	98.529	3.89e-63
AE1.1	1	136	SRR11006665_NODE_7_length_929_cov_6.477700	497	362	98.529	3.89e-63
AE1.1	1	136	SRR11006870_NODE_11_length_763_cov_3.922741	517	652	98.529	3.89e-63
AE1.1	1	136	SRR11006622_NODE_6_length_919_cov_4.395487	496	361	98.529	3.89e-63
AE1.1	1	136	SRR11006728_NODE_7_length_914_cov_5.743130	452	317	98.529	3.89e-63
AE1.1	1	136	SRR11006516_NODE_8_length_893_cov_3.042892	447	312	98.529	3.89e-63
AE1.1	1	136	SRR11006670_NODE_10_length_609_cov_3.443609	227	92	98.529	3.89e-63
AE1.1	1	136	SRR11006834_NODE_8_length_832_cov_8.137748	274	409	98.529	3.89e-63
AE1.1	1	136	SRR11006666_NODE_7_length_817_cov_7.044595	222	357	98.529	3.89e-63
AE1.1	1	136	SRR11006495_NODE_7_length_867_cov_5.944304	248	383	98.529	3.89e-63
AE1.1	1	136	SRR11006893_NODE_11_length_805_cov_5.487637	346	211	98.529	3.89e-63
AE1.1	1	136	SRR11006771_NODE_8_length_930_cov_3.827667	525	660	98.529	3.89e-63
AE1.1	1	136	SRR11006801_NODE_6_length_804_cov_9.099037	333	468	98.529	3.89e-63
AE1.1	1	136	SRR11006584_NODE_4_length_1090_cov_8.142152	601	466	98.529	3.89e-63
AE1.1	1	136	SRR11006733_NODE_6_length_921_cov_5.920616	457	592	98.529	3.89e-63
AE1.1	1	136	SRR11006789_NODE_7_length_928_cov_3.905993	464	599	98.529	3.89e-63
AE1.1	1	136	SRR11006947_NODE_9_length_989_cov_8.276316	491	356	98.529	3.89e-63
AE1.1	1	136	SRR11006672_NODE_8_length_956_cov_4.044369	575	440	98.529	3.89e-63
AE1.1	1	136	SRR11006935_NODE_7_length_869_cov_4.227273	546	411	98.529	3.89e-63
AE1.1	1	136	SRR11006743_NODE_8_length_614_cov_5.843575	344	209	98.529	3.89e-63
AE1.1	1	136	SRR11006638_NODE_8_length_1041_cov_7.643154	536	671	98.529	3.89e-63
AE1.1	1	136	SRR11006501_NODE_7_length_890_cov_4.298893	486	351	98.529	3.89e-63
AE1.1	1	136	SRR11006521_NODE_8_length_627_cov_2.581818	197	332	98.529	3.89e-63
AE1.1	1	136	SRR11006578_NODE_12_length_611_cov_2.889513	300	165	98.529	3.89e-63
AE1.1	1	136	SRR11006780_NODE_6_length_951_cov_6.652174	474	339	98.529	3.89e-63
AE1.1	1	136	SRR11006618_NODE_9_length_700_cov_6.027287	410	275	98.529	3.89e-63
AE1.1	1	136	SRR11006554_NODE_9_length_791_cov_8.099440	496	631	98.529	3.89e-63
AE1.1	1	136	SRR11006540_NODE_30_length_191_cov_5.508772	137	2	98.529	3.89e-63
AE1.1	1	136	SRR11006934_NODE_8_length_884_cov_6.643123	548	413	98.529	3.89e-63
AE1.1	1	136	SRR11006736_NODE_6_length_953_cov_2.946347	454	589	98.529	3.89e-63
AE1.1	1	136	SRR11006797_NODE_8_length_885_cov_5.795792	367	232	98.529	3.89e-63
AE1.1	1	136	SRR11006593_NODE_10_length_812_cov_4.178231	520	385	98.529	3.89e-63
AE1.1	1	136	SRR11006491_NODE_7_length_854_cov_5.177606	355	490	98.529	3.89e-63
AE1.1	1	136	SRR11006619_NODE_7_length_875_cov_4.541353	593	458	98.529	3.89e-63
AE1.1	1	136	SRR11006891_NODE_8_length_1027_cov_2.818947	510	645	98.529	3.89e-63
AE1.1	1	136	SRR11006938_NODE_8_length_1068_cov_10.334006	480	615	98.529	3.89e-63
AE1.1	1	136	SRR11006590_NODE_11_length_666_cov_3.492360	445	310	98.529	3.89e-63
AE1.1	1	136	SRR11006711_NODE_9_length_950_cov_5.679267	436	571	98.529	3.89e-63
AE1.1	1	136	SRR11006902_NODE_15_length_479_cov_2.873134	312	447	98.529	3.89e-63
AE1.1	1	136	SRR11006531_NODE_5_length_1036_cov_6.803962	535	400	98.529	3.89e-63
AE1.1	1	136	SRR11006556_NODE_10_length_734_cov_6.762557	316	451	98.529	3.89e-63
AE1.1	1	136	SRR11006918_NODE_5_length_1056_cov_3.057201	394	529	98.529	3.89e-63
AE1.1	1	136	SRR11006763_NODE_16_length_498_cov_5.912114	259	394	97.794	1.65e-61
AE1.1	1	136	SRR11006839_NODE_8_length_795_cov_3.083565	516	381	97.794	1.65e-61
AE1.1	1	136	SRR11006567_NODE_5_length_1051_cov_3.010267	447	582	97.794	1.65e-61
AE1.1	1	136	SRR11006946_NODE_8_length_842_cov_7.415686	415	550	97.794	1.65e-61
AE1.1	1	136	SRR11006529_NODE_10_length_634_cov_4.353680	349	214	97.794	1.65e-61
AE1.1	1	136	SRR11006843_NODE_6_length_738_cov_3.447806	295	430	97.794	1.65e-61
AE1.1	1	136	SRR11006809_NODE_6_length_1035_cov_5.358038	512	647	97.794	1.65e-61
AE1.1	1	136	SRR11006940_NODE_6_length_988_cov_5.102086	562	427	97.794	1.65e-61
AE1.1	1	136	SRR11006756_NODE_7_length_916_cov_3.851013	424	559	97.794	1.65e-61
AE1.1	1	136	SRR11006677_NODE_7_length_713_cov_3.193396	348	483	97.794	1.65e-61
AE1.1	1	136	SRR11006615_NODE_9_length_747_cov_5.294030	487	622	97.794	1.65e-61
AE1.1	1	136	SRR11006678_NODE_8_length_809_cov_6.364754	222	357	97.794	1.65e-61
AE1.1	1	136	SRR11006647_NODE_5_length_1147_cov_8.326168	529	394	97.794	1.65e-61
AE1.1	1	136	SRR11006660_NODE_6_length_1188_cov_7.090909	602	467	97.794	1.65e-61
AE1.1	1	136	SRR11006692_NODE_6_length_863_cov_4.558524	403	538	97.794	1.65e-61
AE1.1	1	136	SRR11006907_NODE_7_length_1266_cov_9.341463	583	448	97.794	1.65e-61
AE1.1	1	136	SRR11006574_NODE_9_length_785_cov_6.275424	370	505	97.794	1.65e-61
AE1.1	1	136	SRR11006634_NODE_6_length_1146_cov_7.066417	660	525	97.794	1.65e-61
AE1.1	1	136	SRR11006895_NODE_6_length_790_cov_4.628331	262	127	97.794	1.65e-61
AE1.1	1	136	SRR11006949_NODE_5_length_1071_cov_4.376258	540	675	97.794	1.65e-61
AE1.1	1	136	SRR11006864_NODE_7_length_1008_cov_5.309345	642	507	97.794	1.65e-61
AE1.1	1	136	SRR11006671_NODE_7_length_877_cov_6.321250	405	540	97.794	1.65e-61
AE1.1	1	136	SRR11006490_NODE_8_length_916_cov_4.542312	544	409	97.794	1.65e-61
AE1.1	1	136	SRR11006950_NODE_9_length_869_cov_3.944444	388	523	97.794	1.65e-61
AE1.1	1	136	SRR11006930_NODE_6_length_950_cov_3.814433	504	369	97.794	1.65e-61
AE1.1	1	136	SRR11006696_NODE_4_length_849_cov_7.064767	382	517	97.794	1.65e-61
AE1.1	1	136	SRR11006898_NODE_7_length_927_cov_4.116471	482	347	97.794	1.65e-61
AE1.1	1	136	SRR11006624_NODE_7_length_727_cov_6.155385	416	281	97.794	1.65e-61
AE1.1	1	136	SRR11006654_NODE_9_length_610_cov_2.810507	389	254	97.794	1.65e-61
AE1.1	1	136	SRR11006832_NODE_8_length_744_cov_3.968516	428	293	97.794	1.65e-61
AE1.1	1	136	SRR11006925_NODE_10_length_576_cov_4.124248	282	417	97.794	1.65e-61
AE1.1	1	136	SRR11006722_NODE_8_length_900_cov_3.235723	547	682	97.794	1.65e-61
AE1.1	1	136	SRR11006786_NODE_8_length_761_cov_7.247076	281	416	97.794	1.65e-61
AE1.1	1	136	SRR11006500_NODE_38_length_315_cov_5.394958	152	17	97.794	1.65e-61
AE1.1	1	136	SRR11006483_NODE_8_length_796_cov_4.232267	409	274	97.794	1.65e-61
AE1.1	1	136	SRR11006589_NODE_15_length_572_cov_4.565657	310	445	97.794	1.65e-61
AE1.1	1	136	SRR11006569_NODE_7_length_624_cov_2.592322	371	236	97.794	1.65e-61
AE1.1	1	136	SRR11006827_NODE_8_length_791_cov_5.739496	399	264	97.794	1.65e-61
AE1.1	1	136	SRR11006532_NODE_10_length_668_cov_4.042301	317	452	97.794	1.65e-61
AE1.1	1	136	SRR11006663_NODE_8_length_924_cov_3.409681	543	408	97.794	1.65e-61
AE1.1	1	136	SRR11006617_NODE_41_length_155_cov_9.807692	137	2	97.794	1.65e-61
AE1.1	1	136	SRR11006487_NODE_4_length_1282_cov_9.520332	634	499	97.794	1.65e-61
AE1.1	1	136	SRR11006541_NODE_6_length_805_cov_2.843407	506	371	97.794	1.65e-61
AE1.1	1	136	SRR11006818_NODE_7_length_1008_cov_6.199785	488	623	97.794	1.65e-61
AE1.1	1	136	SRR11006912_NODE_8_length_897_cov_4.478049	292	157	97.794	1.65e-61
AE1.1	1	136	SRR11006819_NODE_9_length_820_cov_9.374159	380	245	97.794	1.65e-61
AE1.1	1	136	SRR11006621_NODE_6_length_770_cov_5.499278	477	612	97.794	1.65e-61
AE1.1	1	136	SRR11006545_NODE_13_length_659_cov_6.121993	352	217	97.794	1.65e-61
AE1.1	1	136	SRR11006644_NODE_8_length_966_cov_4.895388	527	662	97.794	1.65e-61
AE1.1	1	136	SRR11006683_NODE_7_length_983_cov_3.774834	504	639	97.794	1.65e-61
AE1.1	1	136	SRR11006848_NODE_7_length_1121_cov_5.488506	594	459	97.794	1.65e-61
AE1.1	1	136	SRR11006553_NODE_8_length_781_cov_2.988636	530	665	97.794	1.65e-61
AE1.1	1	136	SRR11006887_NODE_7_length_789_cov_5.487360	531	396	97.794	1.65e-61
AE1.1	1	136	SRR11006700_NODE_9_length_969_cov_6.571749	476	341	97.794	1.65e-61
AE1.1	1	136	SRR11006750_NODE_9_length_687_cov_3.059016	327	462	97.794	1.65e-61
AE1.1	1	136	SRR11006478_NODE_7_length_1042_cov_6.534715	561	426	97.794	1.65e-61
AE1.1	1	136	SRR11006805_NODE_5_length_878_cov_3.712859	478	343	97.794	1.65e-61
AE1.1	1	136	SRR11006684_NODE_4_length_1087_cov_3.728713	584	449	97.794	1.65e-61
AE1.1	1	136	SRR11006613_NODE_10_length_630_cov_3.909584	427	292	97.794	1.65e-61
AE1.1	1	136	SRR11006646_NODE_5_length_988_cov_6.383095	512	377	97.794	1.65e-61
AE1.1	1	136	SRR11006807_NODE_5_length_973_cov_11.101562	499	364	97.794	1.65e-61
AE1.1	1	136	SRR11006649_NODE_21_length_354_cov_7.180505	164	299	97.794	1.65e-61
AE1.1	1	136	SRR11006727_NODE_7_length_877_cov_4.596250	492	357	97.794	1.65e-61
AE1.1	1	136	SRR11006549_NODE_8_length_663_cov_4.626280	227	362	97.794	1.65e-61
AE1.1	1	136	SRR11006685_NODE_5_length_1295_cov_3.580460	599	734	97.794	1.65e-61
AE1.1	1	136	SRR11006551_NODE_10_length_732_cov_3.138931	246	381	97.794	1.65e-61
AE1.1	1	136	SRR11006668_NODE_7_length_837_cov_3.181579	354	489	97.794	1.65e-61
AE1.1	1	136	SRR11006803_NODE_6_length_886_cov_7.288010	417	282	97.794	1.65e-61
AE1.1	1	136	SRR11006538_NODE_6_length_804_cov_4.096286	253	388	97.794	1.65e-61
AE1.1	1	136	SRR11006629_NODE_7_length_882_cov_3.541615	415	550	97.794	1.65e-61
AE1.1	1	136	SRR11006560_NODE_9_length_808_cov_4.463748	228	363	97.794	1.65e-61
AE1.1	1	136	SRR11006911_NODE_9_length_779_cov_7.075499	558	423	97.794	1.65e-61
AE1.1	1	136	SRR11006535_NODE_8_length_738_cov_3.013616	328	463	97.794	1.65e-61
AE1.1	1	136	SRR11006776_NODE_12_length_687_cov_2.477049	415	280	97.794	1.65e-61
AE1.1	1	136	SRR11006641_NODE_8_length_1114_cov_5.292189	557	422	97.794	1.65e-61
AE1.1	1	136	SRR11006659_NODE_8_length_844_cov_4.375489	462	327	97.794	1.65e-61
AE1.1	1	136	SRR11006844_NODE_6_length_1084_cov_4.192651	527	392	97.794	1.65e-61
AE1.1	1	136	SRR11006510_NODE_8_length_1005_cov_3.814655	519	384	97.794	1.65e-61
AE1.1	1	136	SRR11006627_NODE_8_length_764_cov_2.882096	499	364	97.794	1.65e-61
AE1.1	1	136	SRR11006542_NODE_7_length_816_cov_3.353180	479	344	97.794	1.65e-61
AE1.1	1	136	SRR11006802_NODE_6_length_1035_cov_6.397704	467	332	97.794	1.65e-61
AE1.1	1	136	SRR11006635_NODE_5_length_1028_cov_6.228181	399	534	97.794	1.65e-61
AE1.1	1	136	SRR11006815_NODE_7_length_1021_cov_3.983051	560	425	97.794	1.65e-61
AE1.1	1	136	SRR11006650_NODE_14_length_518_cov_2.807256	232	97	97.794	1.65e-61
AE1.1	1	136	SRR11006830_NODE_9_length_907_cov_3.497590	425	290	97.794	1.65e-61
AE1.1	1	136	SRR11006860_NODE_10_length_677_cov_13.296667	245	380	97.794	1.65e-61
AE1.1	1	136	SRR11006605_NODE_6_length_1170_cov_4.502287	598	463	97.794	1.65e-61
AE1.1	1	136	SRR11006869_NODE_8_length_974_cov_3.547380	400	535	97.794	1.65e-61
AE1.1	1	136	SRR11006594_NODE_7_length_984_cov_5.084895	541	676	97.794	1.65e-61
AE1.1	1	136	SRR11006625_NODE_12_length_614_cov_3.990689	237	372	97.794	1.65e-61
AE1.1	1	136	SRR11006489_NODE_11_length_677_cov_3.825000	247	382	97.794	1.65e-61
AE1.1	1	136	SRR11006640_NODE_9_length_766_cov_5.876633	232	97	97.794	1.65e-61
AE1.1	1	136	SRR11006754_NODE_5_length_1129_cov_5.211027	525	390	97.794	1.65e-61
AE1.1	1	136	SRR11006628_NODE_8_length_722_cov_9.201550	320	455	97.794	1.65e-61
AE1.1	1	136	SRR11006896_NODE_6_length_918_cov_3.659929	450	585	97.794	1.65e-61
AE1.1	1	136	SRR11006924_NODE_9_length_779_cov_3.408832	342	477	97.794	1.65e-61
AE1.1	1	136	SRR11006781_NODE_9_length_650_cov_5.438045	399	264	97.794	1.65e-61
AE1.1	1	136	SRR11006623_NODE_12_length_688_cov_3.181669	452	317	97.794	1.65e-61
AE1.1	1	136	SRR11006955_NODE_8_length_899_cov_4.036496	551	686	97.794	1.65e-61
AE1.1	1	136	SRR11006909_NODE_7_length_867_cov_3.039241	378	513	97.794	1.65e-61
AE1.1	1	136	SRR11006721_NODE_8_length_872_cov_4.108176	269	404	97.794	1.65e-61
AE1.1	1	136	SRR11006872_NODE_4_length_1082_cov_6.078607	538	403	97.794	1.65e-61
AE1.1	1	136	SRR11006787_NODE_5_length_1108_cov_7.479146	584	449	97.794	1.65e-61
AE1.1	1	136	SRR11006537_NODE_9_length_737_cov_3.866667	379	244	97.794	1.65e-61
AE1.1	1	136	SRR11006631_NODE_6_length_703_cov_2.876997	277	142	97.794	1.65e-61
AE1.1	1	136	SRR11006746_NODE_9_length_756_cov_4.486009	484	349	97.794	1.65e-61
AE1.1	1	136	SRR11006910_NODE_22_length_547_cov_5.072340	277	142	97.794	1.65e-61
AE1.1	1	136	SRR11006865_NODE_7_length_933_cov_3.859813	407	542	97.794	1.65e-61
AE1.1	1	136	SRR11006636_NODE_8_length_1021_cov_8.585805	405	270	97.794	1.65e-61
AE1.1	1	136	SRR11006922_NODE_9_length_1067_cov_6.879798	543	678	97.794	1.65e-61
AE1.1	1	136	SRR11006481_NODE_7_length_852_cov_3.776774	476	341	97.794	1.65e-61
AE1.1	1	136	SRR11006620_NODE_11_length_775_cov_6.171920	281	146	97.794	1.65e-61
AE1.1	1	136	SRR11006540_NODE_9_length_827_cov_6.600000	518	383	97.794	1.65e-61
AE1.1	1	136	SRR11006804_NODE_6_length_1027_cov_7.780000	668	533	97.794	1.65e-61
AE1.1	1	136	SRR11006806_NODE_7_length_910_cov_7.894358	542	407	97.794	1.65e-61
AE1.1	1	136	SRR11006632_NODE_6_length_1148_cov_6.747899	535	400	97.794	1.65e-61
AE1.1	1	136	SRR11006903_NODE_4_length_1043_cov_3.846791	467	332	97.794	1.65e-61
AE1.1	1	136	SRR11006957_NODE_9_length_913_cov_6.076555	444	579	97.794	1.65e-61
AE1.1	1	136	SRR11006757_NODE_5_length_1013_cov_3.993590	523	388	97.794	1.65e-61
AE1.1	1	136	SRR11006888_NODE_7_length_1000_cov_3.921993	556	421	97.794	1.65e-61
AE1.1	1	136	SRR11006841_NODE_6_length_909_cov_3.829327	537	402	97.794	1.65e-61
AE1.1	1	136	SRR11006530_NODE_9_length_914_cov_6.126643	399	534	97.794	1.65e-61
AE1.1	1	136	SRR11006645_NODE_5_length_1089_cov_4.702569	573	438	97.794	1.65e-61
AE1.1	1	136	SRR11006662_NODE_5_length_1091_cov_3.881657	662	527	97.794	1.65e-61
AE1.1	1	136	SRR11006608_NODE_6_length_1055_cov_4.210634	468	333	97.794	1.65e-61
AE1.1	1	136	SRR11006643_NODE_9_length_1021_cov_5.824153	496	361	97.794	1.65e-61
AE1.1	1	136	SRR11006724_NODE_6_length_779_cov_3.799145	353	488	97.794	1.65e-61
AE1.1	1	136	SRR11006953_NODE_20_length_413_cov_4.770833	246	381	97.794	1.65e-61
AE1.1	1	136	SRR11006749_NODE_8_length_918_cov_6.602854	474	339	97.794	1.65e-61
AE1.1	1	136	SRR11006817_NODE_6_length_866_cov_3.847909	521	386	97.794	1.65e-61
AE1.1	1	136	SRR11006701_NODE_10_length_789_cov_3.776685	340	475	97.794	1.65e-61
AE1.1	1	136	SRR11006863_NODE_11_length_771_cov_3.645533	526	391	97.794	1.65e-61
AE1.1	10	136	SRR11006600_NODE_8_length_325_cov_2.467742	1	127	100.000	5.77e-61
AE1.1	1	136	SRR11006674_NODE_9_length_748_cov_3.055142	323	457	97.794	2.02e-60
AE1.1	1	136	SRR11006742_NODE_7_length_788_cov_3.471167	405	540	97.059	2.02e-60
AE1.1	1	136	SRR11006515_NODE_5_length_1108_cov_5.100873	527	662	97.059	2.02e-60
AE1.1	1	136	SRR11006941_NODE_6_length_747_cov_4.610448	495	360	97.059	2.02e-60
AE1.1	1	136	SRR11006525_NODE_10_length_862_cov_7.598726	450	585	97.059	2.02e-60
AE1.1	1	136	SRR11006874_NODE_6_length_950_cov_3.426117	423	558	97.059	2.02e-60
AE1.1	1	136	SRR11006923_NODE_17_length_460_cov_2.697128	309	444	97.059	2.02e-60
AE1.1	1	136	SRR11006523_NODE_7_length_1052_cov_7.078974	477	612	97.059	2.02e-60
AE1.1	1	136	SRR11006606_NODE_10_length_604_cov_6.330171	445	310	97.059	2.02e-60
AE1.1	1	136	SRR11006885_NODE_5_length_1153_cov_3.911710	549	414	97.059	2.02e-60
AE1.1	1	136	SRR11006655_NODE_6_length_914_cov_3.661888	408	543	97.059	2.02e-60
AE1.1	1	136	SRR11006833_NODE_9_length_722_cov_3.826357	288	153	97.059	2.02e-60
AE1.1	1	136	SRR11006698_NODE_9_length_715_cov_6.211599	265	400	97.059	2.02e-60
AE1.1	1	136	SRR11006571_NODE_6_length_840_cov_10.313237	222	357	97.059	2.02e-60
AE1.1	1	136	SRR11006760_NODE_6_length_1006_cov_4.483315	524	659	97.059	2.02e-60
AE1.1	1	136	SRR11006747_NODE_9_length_817_cov_6.809459	290	425	97.059	2.02e-60
AE1.1	1	136	SRR11006919_NODE_8_length_985_cov_3.742291	504	639	97.059	2.02e-60
AE1.1	1	136	SRR11006536_NODE_8_length_925_cov_5.857311	436	301	97.059	2.02e-60
AE1.1	1	136	SRR11006855_NODE_7_length_892_cov_3.658896	298	433	97.059	2.02e-60
AE1.1	1	136	SRR11006774_NODE_10_length_735_cov_5.238602	400	535	97.059	2.02e-60
AE1.1	1	136	SRR11006741_NODE_9_length_584_cov_4.260355	302	167	97.059	2.02e-60
AE1.1	1	136	SRR11006652_NODE_6_length_883_cov_4.883375	569	434	97.059	2.02e-60
AE1.1	1	136	SRR11006699_NODE_47_length_155_cov_5.192308	4	139	97.059	2.02e-60
AE1.1	1	136	SRR11006543_NODE_9_length_1145_cov_5.961610	597	732	97.059	2.02e-60
AE1.1	1	136	SRR11006720_NODE_10_length_902_cov_4.797576	581	446	97.059	2.02e-60
AE1.1	1	136	SRR11006691_NODE_6_length_1049_cov_5.401235	567	702	97.059	2.02e-60
AE1.1	1	136	SRR11006492_NODE_7_length_1022_cov_6.321693	544	409	97.059	2.02e-60
AE1.1	1	136	SRR11006714_NODE_9_length_576_cov_3.460922	339	204	97.059	2.02e-60
AE1.1	1	136	SRR11006731_NODE_8_length_897_cov_5.001220	413	548	97.059	2.02e-60
AE1.1	1	136	SRR11006883_NODE_7_length_913_cov_4.122010	346	211	97.059	2.02e-60
AE1.1	1	136	SRR11006719_NODE_10_length_715_cov_3.879310	470	335	97.059	2.02e-60
AE1.1	1	136	SRR11006558_NODE_7_length_1011_cov_7.798715	510	645	97.059	2.02e-60
AE1.1	1	136	SRR11006837_NODE_5_length_810_cov_5.098226	326	461	97.059	2.02e-60
AE1.1	1	136	SRR11006718_NODE_7_length_956_cov_4.943117	556	421	97.059	2.02e-60
AE1.1	1	136	SRR11006616_NODE_10_length_875_cov_8.399749	393	528	97.059	2.02e-60
AE1.1	1	136	SRR11006611_NODE_6_length_757_cov_2.845588	372	237	97.059	2.02e-60
AE1.1	1	136	SRR11006936_NODE_8_length_971_cov_3.143177	451	316	97.059	2.02e-60
AE1.1	1	136	SRR11006509_NODE_7_length_1103_cov_6.921053	585	450	97.059	2.02e-60
AE1.1	1	136	SRR11006890_NODE_8_length_846_cov_3.253576	300	435	97.059	2.02e-60
AE1.1	1	136	SRR11006734_NODE_5_length_1008_cov_8.383459	398	533	97.059	2.02e-60
AE1.1	1	136	SRR11006500_NODE_6_length_990_cov_5.943045	489	624	97.059	2.02e-60
AE1.1	1	136	SRR11006889_NODE_10_length_726_cov_2.585516	268	133	97.059	2.02e-60
AE1.1	1	136	SRR11006511_NODE_7_length_1029_cov_6.972689	383	518	97.059	2.02e-60
AE1.1	1	136	SRR11006642_NODE_12_length_649_cov_3.889860	482	617	97.059	2.02e-60
AE1.1	1	136	SRR11006642_NODE_7_length_1021_cov_4.265890	533	398	97.059	2.02e-60
AE1.1	1	136	SRR11006730_NODE_7_length_718_cov_3.184087	380	245	97.059	2.02e-60
AE1.1	1	136	SRR11006690_NODE_7_length_703_cov_2.496805	371	236	97.059	2.02e-60
AE1.1	1	136	SRR11006740_NODE_7_length_1027_cov_4.224211	583	448	97.059	2.02e-60
AE1.1	1	136	SRR11006759_NODE_10_length_810_cov_4.076398	431	566	97.059	2.02e-60
AE1.1	1	136	SRR11006599_NODE_12_length_364_cov_3.073171	143	278	97.059	2.02e-60
AE1.1	1	136	SRR11006831_NODE_11_length_693_cov_4.290584	413	278	97.059	2.02e-60
AE1.1	1	136	SRR11006595_NODE_7_length_1010_cov_4.689175	493	628	97.059	2.02e-60
AE1.1	1	136	SRR11006828_NODE_6_length_976_cov_14.091212	499	634	97.059	2.02e-60
AE1.1	1	136	SRR11006617_NODE_10_length_974_cov_6.500557	442	307	97.059	2.02e-60
AE1.1	1	136	SRR11006480_NODE_12_length_643_cov_3.607774	245	380	97.059	2.02e-60
AE1.1	1	136	SRR11006785_NODE_7_length_851_cov_5.793282	357	222	97.059	2.02e-60
AE1.1	1	136	SRR11006676_NODE_7_length_807_cov_3.878082	586	451	97.059	2.02e-60
AE1.1	1	136	SRR11006514_NODE_9_length_808_cov_3.961696	576	441	97.059	2.02e-60
AE1.1	1	136	SRR11006784_NODE_6_length_840_cov_4.982962	365	500	97.059	2.02e-60
AE1.1	1	136	SRR11006568_NODE_5_length_804_cov_4.112792	554	419	97.059	2.02e-60
AE1.1	1	136	SRR11006850_NODE_6_length_770_cov_6.272727	275	410	97.059	2.02e-60
AE1.1	1	136	SRR11006738_NODE_8_length_846_cov_5.214564	396	531	97.059	2.02e-60
AE1.1	1	136	SRR11006680_NODE_9_length_693_cov_3.391234	460	325	97.059	2.02e-60
AE1.1	1	136	SRR11006517_NODE_12_length_655_cov_8.629758	434	299	97.059	2.02e-60
AE1.1	1	136	SRR11006506_NODE_7_length_753_cov_3.612426	268	403	97.059	2.02e-60
AE1.1	1	136	SRR11006702_NODE_9_length_693_cov_4.090909	416	281	97.059	2.02e-60
AE1.1	1	136	SRR11006816_NODE_7_length_1028_cov_5.222923	543	408	97.059	2.02e-60
AE1.1	1	136	SRR11006917_NODE_5_length_1031_cov_7.189727	793	658	97.059	2.02e-60
AE1.1	1	136	SRR11006601_NODE_9_length_909_cov_5.971154	338	473	97.059	2.02e-60
AE1.1	1	136	SRR11006951_NODE_6_length_1126_cov_6.782650	572	437	97.059	2.02e-60
AE1.1	1	136	SRR11006675_NODE_8_length_693_cov_3.220779	435	300	97.059	2.02e-60
AE1.1	1	136	SRR11006926_NODE_9_length_879_cov_7.124688	222	357	97.059	2.02e-60
AE1.1	1	136	SRR11006808_NODE_11_length_879_cov_5.581047	566	431	97.059	2.02e-60
AE1.1	1	136	SRR11006609_NODE_16_length_508_cov_3.686775	260	395	97.059	2.02e-60
AE1.1	1	136	SRR11006796_NODE_7_length_971_cov_10.102908	385	520	97.059	2.02e-60
AE1.1	1	136	SRR11006497_NODE_8_length_784_cov_7.425743	475	610	97.059	2.02e-60
AE1.1	1	136	SRR11006755_NODE_15_length_558_cov_3.908524	364	499	97.059	2.02e-60
AE1.1	1	136	SRR11006894_NODE_9_length_682_cov_3.276033	222	357	97.059	2.02e-60
AE1.1	1	136	SRR11006580_NODE_7_length_836_cov_4.334651	436	571	97.059	2.02e-60
AE1.1	1	136	SRR11006877_NODE_13_length_584_cov_5.471400	362	227	97.059	2.02e-60
AE1.1	1	136	SRR11006488_NODE_9_length_818_cov_6.508772	450	315	97.059	2.02e-60
AE1.1	1	136	SRR11006929_NODE_6_length_928_cov_3.608696	479	614	97.059	2.02e-60
AE1.1	1	136	SRR11006799_NODE_7_length_1210_cov_7.625772	558	423	97.059	2.02e-60
AE1.1	1	136	SRR11006881_NODE_8_length_865_cov_4.751269	386	251	97.059	2.02e-60
AE1.1	1	136	SRR11006526_NODE_4_length_1196_cov_11.983914	502	637	97.059	2.02e-60
AE1.1	1	136	SRR11006788_NODE_8_length_996_cov_6.374320	488	353	97.059	2.02e-60
AE1.1	1	136	SRR11006762_NODE_6_length_979_cov_5.323725	469	604	97.059	2.02e-60
AE1.1	1	136	SRR11006626_NODE_10_length_700_cov_3.357945	507	642	97.059	2.02e-60
AE1.1	1	136	SRR11006861_NODE_11_length_739_cov_3.034743	493	358	97.059	2.02e-60
AE1.1	1	136	SRR11006795_NODE_14_length_494_cov_7.424460	259	124	97.059	2.02e-60
AE1.1	1	136	SRR11006602_NODE_9_length_707_cov_4.798413	459	324	97.059	2.02e-60
AE1.1	1	136	SRR11006948_NODE_9_length_822_cov_7.667114	458	593	97.059	2.02e-60
AE1.1	1	136	SRR11006745_NODE_10_length_735_cov_5.165653	433	298	97.059	2.02e-60
AE1.1	1	136	SRR11006927_NODE_5_length_1155_cov_8.263451	561	696	97.059	2.02e-60
AE1.1	1	136	SRR11006651_NODE_8_length_1039_cov_4.880457	503	638	97.059	2.02e-60
AE1.1	1	136	SRR11006914_NODE_6_length_1157_cov_5.734259	627	492	97.059	2.02e-60
AE1.1	1	136	SRR11006587_NODE_9_length_764_cov_7.071325	439	574	97.059	2.02e-60
AE1.1	1	136	SRR11006573_NODE_11_length_700_cov_13.107544	239	374	97.059	2.02e-60
AE1.1	1	136	SRR11006585_NODE_16_length_463_cov_3.370466	220	355	97.059	2.02e-60
AE1.1	1	136	SRR11006703_NODE_8_length_905_cov_4.253623	451	316	97.059	2.02e-60
AE1.1	1	136	SRR11006859_NODE_42_length_186_cov_8.724771	168	33	97.059	2.02e-60
AE1.1	1	136	SRR11006570_NODE_9_length_731_cov_2.914373	412	547	97.059	2.02e-60
AE1.1	1	136	SRR11006825_NODE_10_length_649_cov_5.608392	245	380	97.059	2.02e-60
AE1.1	1	136	SRR11006508_NODE_9_length_858_cov_3.623560	529	664	97.059	2.02e-60
AE1.1	1	136	SRR11006954_NODE_3_length_1123_cov_4.362333	578	443	97.059	2.02e-60
AE1.1	1	136	SRR11006875_NODE_9_length_718_cov_4.737910	229	364	97.059	2.02e-60
AE1.1	1	136	SRR11006566_NODE_11_length_706_cov_5.192369	273	408	97.059	2.02e-60
AE1.1	1	136	SRR11006527_NODE_9_length_728_cov_10.602151	222	357	97.059	2.02e-60
AE1.1	1	136	SRR11006713_NODE_8_length_927_cov_4.518824	489	624	97.059	2.02e-60
AE1.1	1	136	SRR11006482_NODE_6_length_990_cov_5.650602	455	590	97.059	2.02e-60
AE1.1	1	136	SRR11006597_NODE_6_length_819_cov_2.555256	245	380	97.059	2.02e-60
AE1.1	1	136	SRR11006603_NODE_5_length_1115_cov_7.086705	494	629	97.059	2.02e-60
AE1.1	1	136	SRR11006824_NODE_9_length_464_cov_3.100775	203	68	97.059	2.02e-60
AE1.1	1	136	SRR11006669_NODE_7_length_951_cov_4.489703	518	383	97.059	2.02e-60
AE1.1	1	136	SRR11006607_NODE_9_length_890_cov_2.683887	514	379	97.059	2.02e-60
AE1.1	1	136	SRR11006791_NODE_8_length_952_cov_7.901714	551	416	97.059	2.02e-60
AE1.1	1	136	SRR11006758_NODE_15_length_572_cov_3.173737	339	474	97.059	2.02e-60
AE1.1	1	136	SRR11006586_NODE_11_length_730_cov_9.638591	222	357	97.059	2.02e-60
AE1.1	1	136	SRR11006507_NODE_6_length_985_cov_7.008811	454	319	97.059	2.02e-60
AE1.1	1	136	SRR11006493_NODE_6_length_983_cov_5.548565	598	463	97.059	2.02e-60
AE1.1	1	136	SRR11006775_NODE_7_length_910_cov_5.261705	447	582	97.059	2.02e-60
AE1.1	1	136	SRR11006605_NODE_9_length_608_cov_4.216573	152	17	97.059	2.02e-60
AE1.1	1	136	SRR11006534_NODE_7_length_716_cov_5.029734	274	409	97.059	2.02e-60
AE1.1	1	136	SRR11006869_NODE_18_length_388_cov_3.774920	146	11	97.059	2.02e-60
AE1.1	1	136	SRR11006548_NODE_8_length_863_cov_5.048346	424	559	97.059	2.02e-60
AE1.1	1	136	SRR11006582_NODE_7_length_886_cov_4.436341	460	325	97.059	2.02e-60
AE1.1	1	136	SRR11006673_NODE_9_length_1043_cov_4.634576	472	337	97.059	2.02e-60
AE1.1	1	136	SRR11006522_NODE_6_length_761_cov_2.681287	358	493	97.059	2.02e-60
AE1.1	1	136	SRR11006588_NODE_8_length_983_cov_4.955850	565	430	97.059	2.02e-60
AE1.1	1	136	SRR11006563_NODE_9_length_817_cov_6.040541	319	454	97.059	2.02e-60
AE1.1	1	136	SRR11006892_NODE_8_length_929_cov_5.849765	522	657	97.059	2.02e-60
AE1.1	1	136	SRR11006761_NODE_5_length_957_cov_2.596591	548	413	97.059	2.02e-60
AE1.1	1	136	SRR11006726_NODE_13_length_491_cov_2.661836	255	120	97.059	2.02e-60
AE1.1	1	136	SRR11006614_NODE_5_length_963_cov_2.713318	505	370	97.059	2.02e-60
AE1.1	1	136	SRR11006906_NODE_6_length_958_cov_7.363224	467	332	97.059	2.02e-60
AE1.1	1	136	SRR11006769_NODE_6_length_955_cov_3.214123	392	527	97.059	2.02e-60
AE1.1	1	136	SRR11006820_NODE_10_length_875_cov_6.916040	637	502	97.059	2.02e-60
AE1.1	1	136	SRR11006787_NODE_32_length_258_cov_14.237569	152	17	97.059	2.02e-60
AE1.1	1	136	SRR11006862_NODE_8_length_817_cov_2.805405	405	270	97.059	2.02e-60
AE1.1	1	136	SRR11006746_NODE_33_length_330_cov_3.237154	168	33	97.059	2.02e-60
AE1.1	1	136	SRR11006503_NODE_10_length_669_cov_4.293919	287	422	97.059	2.02e-60
AE1.1	1	136	SRR11006697_NODE_6_length_852_cov_12.734194	222	357	97.059	2.02e-60
AE1.1	1	136	SRR11006744_NODE_6_length_903_cov_7.441889	436	301	97.059	2.02e-60
AE1.1	1	136	SRR11006847_NODE_7_length_954_cov_4.077537	489	354	97.059	2.02e-60
AE1.1	1	136	SRR11006725_NODE_9_length_844_cov_4.664928	471	336	97.059	2.02e-60
AE1.1	1	136	SRR11006656_NODE_7_length_943_cov_5.137413	573	438	97.059	2.02e-60
AE1.1	1	136	SRR11006856_NODE_8_length_932_cov_5.145029	493	358	97.059	2.02e-60
AE1.1	1	136	SRR11006633_NODE_33_length_171_cov_5.085106	168	33	97.059	2.02e-60
AE1.1	1	136	SRR11006633_NODE_15_length_495_cov_4.820574	492	357	97.059	2.02e-60
AE1.1	1	136	SRR11006915_NODE_8_length_1023_cov_3.295983	465	600	97.059	2.02e-60
AE1.1	1	136	SRR11006899_NODE_7_length_915_cov_6.083532	459	594	97.059	2.02e-60
AE1.1	1	136	SRR11006857_NODE_13_length_698_cov_3.106280	469	334	97.059	2.02e-60
AE1.1	1	136	SRR11006512_NODE_7_length_922_cov_5.510059	487	622	97.059	2.02e-60
AE1.1	1	136	SRR11006579_NODE_9_length_922_cov_4.536095	561	426	97.059	2.02e-60
AE1.1	1	136	SRR11006944_NODE_8_length_971_cov_3.850112	425	560	97.059	2.02e-60
AE1.1	1	136	SRR11006826_NODE_7_length_783_cov_6.715297	399	264	97.059	2.02e-60
AE1.1	1	136	SRR11006942_NODE_15_length_588_cov_5.888454	260	395	97.059	2.02e-60
AE1.1	1	136	SRR11006751_NODE_6_length_1072_cov_3.924623	459	594	97.059	2.02e-60
AE1.1	1	136	SRR11006550_NODE_10_length_710_cov_6.698262	222	357	97.059	2.02e-60
AE1.1	1	136	SRR11006524_NODE_11_length_689_cov_5.929739	266	401	97.059	2.02e-60
AE1.1	1	136	SRR11006921_NODE_5_length_1257_cov_3.854237	641	506	97.059	2.02e-60
AE1.1	1	136	SRR11006547_NODE_8_length_821_cov_2.865591	612	477	97.059	2.02e-60
AE1.1	1	136	SRR11006902_NODE_10_length_805_cov_5.954670	550	415	97.059	2.02e-60
AE1.1	1	136	SRR11006953_NODE_11_length_692_cov_5.100813	471	336	97.059	2.02e-60
AE1.1	1	136	SRR11006583_NODE_7_length_1000_cov_4.575298	511	646	97.059	2.02e-60
AE1.1	1	136	SRR11006564_NODE_5_length_902_cov_2.881212	544	409	97.059	2.02e-60
AE1.1	1	136	SRR11006539_NODE_9_length_811_cov_5.752044	541	406	97.059	2.02e-60
AE1.1	1	136	SRR11006901_NODE_10_length_941_cov_6.042824	509	374	97.059	2.02e-60
AE1.1	1	136	SRR11006829_NODE_10_length_769_cov_9.998555	222	357	96.324	8.57e-59
AE1.1	1	136	SRR11006581_NODE_8_length_784_cov_5.594059	425	290	96.324	8.57e-59
AE1.1	1	136	SRR11006648_NODE_5_length_785_cov_7.238701	426	561	96.324	8.57e-59
AE1.1	1	136	SRR11006956_NODE_8_length_786_cov_5.428773	373	508	96.324	8.57e-59
AE1.1	1	136	SRR11006664_NODE_6_length_1008_cov_2.748657	432	297	96.324	8.57e-59
AE1.1	1	136	SRR11006604_NODE_15_length_587_cov_3.898039	318	183	96.324	8.57e-59
AE1.1	1	136	SRR11006502_NODE_6_length_1145_cov_6.650749	545	410	96.324	8.57e-59
AE1.1	1	136	SRR11006496_NODE_9_length_696_cov_3.114701	425	290	96.324	8.57e-59
AE1.1	1	136	SRR11006878_NODE_11_length_629_cov_4.952899	270	405	96.324	8.57e-59
AE1.1	1	136	SRR11006900_NODE_8_length_785_cov_7.877119	359	224	96.324	8.57e-59
AE1.1	1	136	SRR11006735_NODE_8_length_698_cov_3.132045	419	284	96.324	8.57e-59
AE1.1	1	136	SRR11006840_NODE_6_length_901_cov_3.274272	452	587	96.324	8.57e-59
AE1.1	1	136	SRR11006777_NODE_6_length_965_cov_6.778153	591	456	96.324	8.57e-59
AE1.1	1	136	SRR11006884_NODE_8_length_753_cov_5.458580	371	236	96.324	8.57e-59
AE1.1	1	136	SRR11006773_NODE_7_length_773_cov_3.298851	249	384	96.324	8.57e-59
AE1.1	1	136	SRR11006939_NODE_8_length_671_cov_3.094276	203	68	96.324	8.57e-59
AE1.1	1	136	SRR11006484_NODE_8_length_907_cov_4.674699	469	334	96.324	8.57e-59
AE1.1	1	136	SRR11006913_NODE_11_length_722_cov_5.368992	350	485	96.324	8.57e-59
AE1.1	1	136	SRR11006577_NODE_10_length_646_cov_2.620387	304	169	96.324	8.57e-59
AE1.1	1	136	SRR11006639_NODE_6_length_1056_cov_7.754852	509	374	96.324	8.57e-59
AE1.1	1	136	SRR11006552_NODE_9_length_542_cov_3.167742	245	380	96.324	8.57e-59
AE1.1	1	136	SRR11006695_NODE_8_length_684_cov_3.909390	535	670	96.324	8.57e-59
AE1.1	1	136	SRR11006479_NODE_7_length_988_cov_4.410538	487	352	96.324	8.57e-59
AE1.1	1	136	SRR11006717_NODE_7_length_665_cov_3.806122	250	115	96.324	8.57e-59
AE1.1	1	136	SRR11006770_NODE_11_length_636_cov_5.749553	191	56	96.324	8.57e-59
AE1.1	1	136	SRR11006693_NODE_14_length_700_cov_5.975923	459	594	96.324	8.57e-59
AE1.1	1	136	SRR11006767_NODE_7_length_653_cov_4.092014	311	176	95.588	1.04e-57
AE1.1	1	136	SRR11006679_NODE_8_length_1025_cov_4.919831	439	304	95.588	1.04e-57
AE1.1	1	136	SRR11006880_NODE_10_length_830_cov_4.100930	549	414	95.588	1.04e-57
AE1.1	1	136	SRR11006737_NODE_7_length_985_cov_3.448238	546	681	95.588	1.04e-57
AE1.1	1	136	SRR11006765_NODE_7_length_690_cov_2.783034	425	290	95.588	1.04e-57
AE1.1	1	136	SRR11006873_NODE_8_length_943_cov_4.049654	512	377	95.588	1.04e-57
AE1.1	1	136	SRR11006853_NODE_5_length_625_cov_2.859489	395	260	95.588	1.04e-57
AE1.1	1	136	SRR11006637_NODE_7_length_1123_cov_3.283939	630	765	95.588	1.04e-57
AE1.1	1	136	SRR11006729_NODE_5_length_945_cov_3.123272	429	564	95.588	1.04e-57
AE1.1	1	136	SRR11006704_NODE_7_length_1240_cov_3.407567	620	485	95.588	1.04e-57
AE1.1	1	136	SRR11006513_NODE_7_length_864_cov_4.510801	507	372	95.588	1.04e-57
AE1.1	1	136	SRR11006877_NODE_10_length_630_cov_2.737794	437	572	95.588	1.04e-57
AE1.1	1	136	SRR11006555_NODE_9_length_758_cov_6.261380	281	416	95.588	1.04e-57
AE1.1	1	136	SRR11006920_NODE_9_length_756_cov_3.969072	191	56	95.588	1.04e-57
AE1.1	1	136	SRR11006649_NODE_9_length_932_cov_4.146199	485	620	95.588	1.04e-57
AE1.1	1	136	SRR11006842_NODE_6_length_964_cov_4.305524	476	611	95.588	1.04e-57
AE1.1	1	136	SRR11006596_NODE_6_length_876_cov_3.695870	317	182	95.588	1.04e-57
AE1.1	1	136	SRR11006716_NODE_7_length_747_cov_2.582090	260	125	95.588	1.04e-57
AE1.1	1	136	SRR11006766_NODE_8_length_758_cov_3.616740	527	662	95.588	1.04e-57
AE1.1	1	136	SRR11006753_NODE_6_length_977_cov_3.377778	346	481	95.588	1.04e-57
AE1.1	1	136	SRR11006854_NODE_10_length_545_cov_2.816239	300	435	95.588	1.04e-57
AE1.1	1	136	SRR11006598_NODE_14_length_524_cov_3.429530	275	410	95.588	1.04e-57
AE1.1	1	136	SRR11006845_NODE_9_length_939_cov_4.660093	456	591	95.588	1.04e-57
AE1.1	1	136	SRR11006933_NODE_8_length_978_cov_4.758047	444	579	95.588	1.04e-57
AE1.1	1	136	SRR11006779_NODE_8_length_819_cov_2.648248	473	608	95.588	1.04e-57
AE1.1	1	136	SRR11006768_NODE_20_length_458_cov_6.574803	191	56	95.588	1.04e-57
AE1.1	1	136	SRR11006770_NODE_30_length_318_cov_3.734440	128	263	95.588	1.04e-57
AE1.1	1	136	SRR11006693_NODE_19_length_598_cov_3.723608	163	298	95.588	1.04e-57
AE1.1	1	136	SRR11006575_NODE_5_length_383_cov_2.663399	382	247	95.588	1.04e-57
AE1.1	1	136	SRR11006667_NODE_8_length_793_cov_4.784916	394	531	94.928	1.27e-56
AE1.1	1	124	SRR11006859_NODE_59_length_142_cov_3.538462	19	142	98.387	1.27e-56
AE1.1	1	136	SRR11006562_NODE_7_length_963_cov_4.955982	546	683	94.928	1.27e-56
AE1.1	1	136	SRR11006487_NODE_40_length_353_cov_7.054348	191	56	94.853	4.44e-56
AE1.1	14	136	SRR11006699_NODE_12_length_601_cov_4.784351	1	123	97.561	1.89e-54
AE1.1	14	136	SRR11006479_NODE_29_length_178_cov_6.178218	1	123	97.561	1.89e-54
AE1.1	14	136	SRR11006699_NODE_46_length_155_cov_6.397436	155	33	96.748	2.30e-53
AE1.1	14	136	SRR11006540_NODE_42_length_155_cov_7.025641	155	33	96.748	2.30e-53
AE1.1	1	118	SRR11006829_NODE_26_length_363_cov_5.877622	246	363	97.458	9.78e-52
AE1.1	1	118	SRR11006705_NODE_16_length_481_cov_3.383663	118	1	97.458	9.78e-52
AE1.1	1	118	SRR11006494_NODE_19_length_409_cov_4.424699	292	409	97.458	9.78e-52
AE1.1	1	118	SRR11006806_NODE_37_length_170_cov_4.989247	118	1	97.458	9.78e-52
AE1.1	1	118	SRR11006908_NODE_10_length_527_cov_3.982222	118	1	97.458	9.78e-52
AE1.1	14	136	SRR11006856_NODE_40_length_178_cov_5.811881	1	123	95.122	1.19e-50
AE1.1	27	136	SRR11006754_NODE_44_length_111_cov_8.617647	1	110	99.091	4.16e-50
AE1.1	1	118	SRR11006835_NODE_10_length_501_cov_2.594340	118	1	95.763	5.06e-49
AE1.1	1	111	SRR11006836_NODE_12_length_574_cov_2.503018	464	574	97.297	6.17e-48
AE1.1	1	112	SRR11006871_NODE_17_length_336_cov_2.976834	225	336	96.429	2.15e-47
AE1.1	1	103	SRR11006748_NODE_25_length_384_cov_3.729642	103	1	99.029	2.62e-46
AE1.1	1	103	SRR11006844_NODE_11_length_485_cov_2.676471	383	485	99.029	2.62e-46
AE1.1	1	103	SRR11006754_NODE_13_length_417_cov_2.738235	103	1	99.029	2.62e-46
AE1.1	1	101	SRR11006706_NODE_37_length_322_cov_3.232653	101	1	98.020	3.89e-44
AE1.1	1	103	SRR11006931_NODE_23_length_227_cov_2.626667	125	227	97.087	1.36e-43
AE1.1	1	103	SRR11006694_NODE_13_length_582_cov_2.744554	103	1	97.087	1.36e-43
AE1.1	1	103	SRR11006748_NODE_17_length_526_cov_8.875278	103	1	97.087	1.36e-43
AE1.1	1	103	SRR11006754_NODE_26_length_213_cov_3.904412	103	1	97.087	1.36e-43
AE1.1	1	105	SRR11006862_NODE_20_length_430_cov_3.220963	105	1	96.190	1.36e-43
AE1.1	1	101	SRR11006706_NODE_32_length_346_cov_4.955390	101	1	97.030	1.66e-42
AE1.1	1	103	SRR11006489_NODE_16_length_444_cov_2.809264	103	1	96.117	1.66e-42
AE1.1	42	136	SRR11006678_NODE_10_length_467_cov_2.802564	96	2	98.947	5.78e-42
AE1.1	42	136	SRR11006829_NODE_55_length_111_cov_12.323529	111	17	98.947	5.78e-42
AE1.1	42	136	SRR11006706_NODE_7_length_1065_cov_3.406883	463	369	98.947	5.78e-42
AE1.1	42	136	SRR11006689_NODE_8_length_557_cov_2.897917	232	326	98.947	5.78e-42
AE1.1	42	136	SRR11006873_NODE_48_length_323_cov_2.813008	211	117	98.947	5.78e-42
AE1.1	42	136	SRR11006748_NODE_5_length_879_cov_6.374065	274	368	98.947	5.78e-42
AE1.1	42	136	SRR11006705_NODE_11_length_752_cov_5.395556	331	425	98.947	5.78e-42
AE1.1	42	136	SRR11006612_NODE_13_length_487_cov_2.973171	381	287	98.947	5.78e-42
AE1.1	42	136	SRR11006920_NODE_12_length_494_cov_3.100719	150	56	98.947	5.78e-42
AE1.1	42	136	SRR11006927_NODE_24_length_409_cov_4.042169	111	17	98.947	5.78e-42
AE1.1	42	136	SRR11006572_NODE_17_length_291_cov_3.425234	245	151	98.947	5.78e-42
AE1.1	42	136	SRR11006851_NODE_10_length_633_cov_4.667266	324	230	98.947	5.78e-42
AE1.1	42	136	SRR11006905_NODE_9_length_476_cov_2.626566	189	283	98.947	5.78e-42
AE1.1	42	136	SRR11006482_NODE_19_length_480_cov_2.553350	111	17	98.947	5.78e-42
AE1.1	42	136	SRR11006815_NODE_12_length_490_cov_6.779661	96	2	98.947	5.78e-42
AE1.1	42	136	SRR11006687_NODE_18_length_392_cov_4.993651	129	223	98.947	5.78e-42
AE1.1	42	136	SRR11006686_NODE_8_length_844_cov_2.897001	561	467	98.947	5.78e-42
AE1.1	42	136	SRR11006494_NODE_8_length_827_cov_2.637333	499	405	98.947	5.78e-42
AE1.1	42	136	SRR11006697_NODE_21_length_363_cov_4.566434	253	347	98.947	5.78e-42
AE1.1	42	136	SRR11006836_NODE_5_length_835_cov_3.882586	477	383	98.947	5.78e-42
AE1.1	42	136	SRR11006806_NODE_68_length_96_cov_15.473684	1	95	98.947	5.78e-42
AE1.1	42	136	SRR11006658_NODE_6_length_1149_cov_3.657649	654	748	98.947	5.78e-42
AE1.1	1	74	SRR11006658_NODE_6_length_1149_cov_3.657649	283	356	97.297	1.77e-29
AE1.1	42	136	SRR11006768_NODE_13_length_519_cov_3.830317	507	413	98.947	5.78e-42
AE1.1	37	136	SRR11006479_NODE_36_length_159_cov_4.548780	159	60	97.000	5.78e-42
AE1.1	42	136	SRR11006908_NODE_7_length_923_cov_4.656028	620	526	98.947	5.78e-42
AE1.1	42	136	SRR11006923_NODE_12_length_742_cov_3.990977	262	356	97.895	7.04e-41
AE1.1	42	136	SRR11006647_NODE_13_length_571_cov_3.433198	474	568	97.895	7.04e-41
AE1.1	42	136	SRR11006634_NODE_15_length_484_cov_3.130221	98	4	97.895	7.04e-41
AE1.1	42	136	SRR11006755_NODE_8_length_746_cov_3.144993	317	411	97.895	7.04e-41
AE1.1	42	136	SRR11006856_NODE_24_length_386_cov_2.964401	98	4	97.895	7.04e-41
AE1.1	42	136	SRR11006732_NODE_8_length_637_cov_3.801786	139	233	97.895	7.04e-41
AE1.1	27	118	SRR11006706_NODE_60_length_94_cov_6.176471	92	1	98.913	2.46e-40
AE1.1	27	118	SRR11006748_NODE_82_length_92_cov_16.200000	92	1	98.913	2.46e-40
AE1.1	42	136	SRR11006767_NODE_9_length_353_cov_2.601449	270	176	96.842	2.99e-39
AE1.1	42	136	SRR11006956_NODE_11_length_425_cov_3.603448	154	60	96.842	2.99e-39
AE1.1	42	136	SRR11006835_NODE_14_length_424_cov_3.636888	215	309	96.842	2.99e-39
AE1.1	42	136	SRR11006943_NODE_14_length_406_cov_2.553191	185	91	96.842	2.99e-39
AE1.1	42	136	SRR11006665_NODE_22_length_379_cov_3.629139	194	288	96.842	2.99e-39
AE1.1	42	136	SRR11006609_NODE_15_length_552_cov_4.231579	237	331	96.842	2.99e-39
AE1.1	42	136	SRR11006739_NODE_17_length_437_cov_4.227778	111	205	96.842	2.99e-39
AE1.1	42	136	SRR11006948_NODE_14_length_428_cov_2.544160	242	336	96.842	2.99e-39
AE1.1	42	136	SRR11006651_NODE_38_length_244_cov_3.065868	49	143	96.842	2.99e-39
AE1.1	42	136	SRR11006527_NODE_17_length_472_cov_2.825316	144	50	96.842	2.99e-39
AE1.1	42	136	SRR11006935_NODE_19_length_341_cov_5.477273	150	56	96.842	2.99e-39
AE1.1	42	136	SRR11006766_NODE_29_length_292_cov_3.679070	102	196	96.842	2.99e-39
AE1.1	42	136	SRR11006640_NODE_20_length_401_cov_3.089506	211	305	96.842	2.99e-39
AE1.1	42	136	SRR11006620_NODE_12_length_591_cov_3.291829	240	146	96.842	2.99e-39
AE1.1	42	136	SRR11006768_NODE_42_length_203_cov_8.801587	191	97	96.842	2.99e-39
AE1.1	42	136	SRR11006662_NODE_31_length_172_cov_2.578947	29	123	96.842	2.99e-39
AE1.1	42	136	SRR11006662_NODE_30_length_178_cov_4.247525	29	123	96.842	2.99e-39
AE1.1	42	136	SRR11006770_NODE_15_length_514_cov_4.745995	324	418	96.842	2.99e-39
AE1.1	48	136	SRR11006859_NODE_27_length_356_cov_4.673835	356	268	98.876	1.04e-38
AE1.1	42	136	SRR11006809_NODE_22_length_404_cov_2.798165	261	355	95.789	3.65e-38
AE1.1	1	90	SRR11006699_NODE_64_length_93_cov_6.250000	90	1	97.778	3.65e-38
AE1.1	42	136	SRR11006670_NODE_15_length_469_cov_3.043367	284	378	95.789	3.65e-38
AE1.1	42	136	SRR11006954_NODE_22_length_468_cov_3.575448	89	183	95.789	3.65e-38
AE1.1	42	136	SRR11006812_NODE_18_length_467_cov_3.200000	91	185	95.789	3.65e-38
AE1.1	48	136	SRR11006859_NODE_52_length_157_cov_6.225000	157	68	96.667	1.89e-35
AE1.1	42	118	SRR11006829_NODE_27_length_362_cov_2.708772	77	1	98.701	3.42e-32
AE1.1	42	118	SRR11006660_NODE_20_length_448_cov_3.172507	77	1	98.701	3.42e-32
AE1.1	42	118	SRR11006692_NODE_10_length_543_cov_2.721030	467	543	98.701	3.42e-32
AE1.1	42	118	SRR11006487_NODE_24_length_474_cov_4.423174	77	1	98.701	3.42e-32
AE1.1	42	118	SRR11006947_NODE_20_length_428_cov_3.113960	77	1	98.701	3.42e-32
AE1.1	42	118	SRR11006787_NODE_28_length_383_cov_4.127451	77	1	98.701	3.42e-32
AE1.1	42	118	SRR11006746_NODE_21_length_442_cov_2.808219	77	1	98.701	3.42e-32
AE1.1	42	118	SRR11006922_NODE_14_length_575_cov_3.610442	77	1	98.701	3.42e-32
AE1.1	42	118	SRR11006806_NODE_24_length_349_cov_3.444853	273	349	98.701	3.42e-32
AE1.1	42	118	SRR11006643_NODE_22_length_390_cov_2.814696	314	390	98.701	3.42e-32
AE1.1	62	136	SRR11006949_NODE_25_length_163_cov_10.883721	1	75	98.667	4.16e-31
AE1.1	60	136	SRR11006626_NODE_23_length_406_cov_2.674772	216	292	96.104	1.77e-29
AE1.1	1	74	SRR11006699_NODE_28_length_295_cov_9.940367	222	295	97.297	1.77e-29
AE1.1	1	74	SRR11006633_NODE_16_length_483_cov_2.933498	74	1	97.297	1.77e-29
AE1.1	1	71	SRR11006617_NODE_42_length_155_cov_6.474359	71	1	97.183	7.52e-28
AE1.1	42	106	SRR11006594_NODE_17_length_267_cov_3.078947	203	267	98.462	1.12e-25
AE1.1	42	106	SRR11006768_NODE_27_length_403_cov_3.122699	339	403	98.462	1.12e-25
AE1.1	73	136	SRR11006859_NODE_63_length_131_cov_2.814815	131	68	98.438	3.90e-25
AE1.1	1	59	SRR11006859_NODE_16_length_484_cov_3.491400	59	1	98.305	2.02e-22
AE1.1	1	54	SRR11006488_NODE_23_length_299_cov_3.720721	54	1	98.148	1.05e-19
AE1.1	1	54	SRR11006602_NODE_19_length_299_cov_2.824324	54	1	98.148	1.05e-19
AE1.1	1	54	SRR11006590_NODE_26_length_299_cov_2.608108	246	299	98.148	1.05e-19
AE1.1	1	53	SRR11006935_NODE_21_length_297_cov_4.100000	53	1	98.113	3.65e-19
AE1.1	1	54	SRR11006911_NODE_28_length_299_cov_8.373874	54	1	96.296	1.27e-18
AE1.1	1	47	SRR11006792_NODE_14_length_329_cov_2.638889	283	329	97.872	6.60e-16
AE1.1	1	47	SRR11006656_NODE_30_length_236_cov_6.849057	190	236	97.872	6.60e-16
AE1.1	1	46	SRR11006874_NODE_19_length_485_cov_3.387255	440	485	97.826	2.30e-15
AE1.1	1	46	SRR11006523_NODE_21_length_155_cov_5.858974	46	1	97.826	2.30e-15
AE1.1	1	41	SRR11006600_NODE_11_length_264_cov_3.133690	41	1	95.122	1.45e-11
